{
    "lights": [
        {
            "color": [
                0.6000000238418579, 
                0.6000000238418579, 
                0.6000000238418579
            ], 
            "rotation": [
                0.5623574256896973, 
                0.9045531749725342, 
                4.596243381500244
            ], 
            "light-type": "directional", 
            "name": "Hemi.003"
        }, 
        {
            "color": [
                0.20000000298023224, 
                0.20000000298023224, 
                0.20000000298023224
            ], 
            "rotation": [
                5.365349942110242e-09, 
                0.2780212461948395, 
                2.323462724685669
            ], 
            "light-type": "directional", 
            "name": "Hemi.002"
        }, 
        {
            "color": [
                0.20000000298023224, 
                0.20000000298023224, 
                0.20000000298023224
            ], 
            "rotation": [
                0.3520425260066986, 
                0.5977745652198792, 
                0.8675246834754944
            ], 
            "light-type": "directional", 
            "name": "Hemi.000"
        }, 
        {
            "color": [
                0.20000000298023224, 
                0.20000000298023224, 
                0.20000000298023224
            ], 
            "rotation": [
                5.365349942110242e-09, 
                0.2780212163925171, 
                -0.6956515312194824
            ], 
            "light-type": "directional", 
            "name": "Hemi.001"
        }
    ], 
    "camera": {
        "fov": 1.0471975803375244, 
        "name": "Camera", 
        "far": 1000.0, 
        "near": 0.10000000149011612, 
        "position": [
            134.82666015625, 
            -3.7764244079589844, 
            60.96836853027344
        ], 
        "rotation": [
            0.995286762714386, 
            -0.02616875432431698, 
            0.806929886341095
        ]
    }, 
    "meshes": [
        {
            "position": [
                64.0, 
                64.0, 
                14.168999671936035
            ], 
            "rotation": [
                0.0, 
                0.0, 
                0.0
            ], 
            "scale": [
                1.0, 
                1.0, 
                1.0
            ], 
            "name": "AVZ"
        }, 
        {
            "position": [
                64.0, 
                64.0, 
                1.0
            ], 
            "rotation": [
                0.0, 
                0.0, 
                0.0
            ], 
            "scale": [
                1.0, 
                1.0, 
                1.0
            ], 
            "name": "Boden"
        }
    ], 
    "world": {
        "horizon-color": [
            0.19598259031772614, 
            0.19598259031772614, 
            0.19598259031772614
        ], 
        "fog": {
            "color": [
                0.19598259031772614, 
                0.19598259031772614, 
                0.19598259031772614
            ], 
            "start": 5.0, 
            "end": 95.0, 
            "enabled": true, 
            "mode": "linear"
        }, 
        "zenith-color": [
            0.010022825561463833, 
            0.010022825561463833, 
            0.010022825561463833
        ], 
        "ambient-color": [
            0.0, 
            0.0, 
            0.0
        ]
    }
}