{
"line_height" : 87,
"textures" : [
{
"filename" : "font.png",
"glyphs" : [
{"name" : "!","rect" : [[0,0],[23,87]],"offset" : [0,0],"x_advance" : 23},
{"name" : "\"","rect" : [[23,0],[27,87]],"offset" : [0,0],"x_advance" : 27},
{"name" : "#","rect" : [[50,0],[44,87]],"offset" : [0,0],"x_advance" : 44},
{"name" : "$","rect" : [[94,0],[41,87]],"offset" : [0,0],"x_advance" : 41},
{"name" : "%","rect" : [[135,0],[60,87]],"offset" : [0,0],"x_advance" : 60},
{"name" : "&","rect" : [[195,0],[53,87]],"offset" : [0,0],"x_advance" : 53},
{"name" : "'","rect" : [[248,0],[14,87]],"offset" : [0,0],"x_advance" : 14},
{"name" : "(","rect" : [[262,0],[19,87]],"offset" : [0,0],"x_advance" : 19},
{"name" : ")","rect" : [[281,0],[27,87]],"offset" : [0,0],"x_advance" : 27},
{"name" : "*","rect" : [[308,0],[23,87]],"offset" : [0,0],"x_advance" : 23},
{"name" : "+","rect" : [[331,0],[45,87]],"offset" : [0,0],"x_advance" : 45},
{"name" : ",","rect" : [[376,0],[19,87]],"offset" : [0,0],"x_advance" : 19},
{"name" : "-","rect" : [[395,0],[23,87]],"offset" : [0,0],"x_advance" : 23},
{"name" : ".","rect" : [[418,0],[21,87]],"offset" : [0,0],"x_advance" : 21},
{"name" : "/","rect" : [[439,0],[34,87]],"offset" : [0,0],"x_advance" : 34},
{"name" : "0","rect" : [[473,0],[47,87]],"offset" : [0,0],"x_advance" : 47},
{"name" : "1","rect" : [[520,0],[36,87]],"offset" : [0,0],"x_advance" : 36},
{"name" : "2","rect" : [[556,0],[46,87]],"offset" : [0,0],"x_advance" : 46},
{"name" : "3","rect" : [[602,0],[42,87]],"offset" : [0,0],"x_advance" : 42},
{"name" : "4","rect" : [[644,0],[42,87]],"offset" : [0,0],"x_advance" : 42},
{"name" : "5","rect" : [[686,0],[44,87]],"offset" : [0,0],"x_advance" : 44},
{"name" : "6","rect" : [[730,0],[42,87]],"offset" : [0,0],"x_advance" : 42},
{"name" : "7","rect" : [[772,0],[40,87]],"offset" : [0,0],"x_advance" : 40},
{"name" : "8","rect" : [[812,0],[45,87]],"offset" : [0,0],"x_advance" : 45},
{"name" : "9","rect" : [[857,0],[38,87]],"offset" : [0,0],"x_advance" : 38},
{"name" : ":","rect" : [[895,0],[26,87]],"offset" : [0,0],"x_advance" : 26},
{"name" : ";","rect" : [[921,0],[23,87]],"offset" : [0,0],"x_advance" : 23},
{"name" : "<","rect" : [[944,0],[36,87]],"offset" : [0,0],"x_advance" : 36},
{"name" : "=","rect" : [[980,0],[36,87]],"offset" : [0,0],"x_advance" : 36},
{"name" : ">","rect" : [[1016,0],[40,87]],"offset" : [0,0],"x_advance" : 40},
{"name" : "?","rect" : [[1056,0],[41,87]],"offset" : [0,0],"x_advance" : 41},
{"name" : "@","rect" : [[1097,0],[54,87]],"offset" : [0,0],"x_advance" : 54},
{"name" : "A","rect" : [[1151,0],[48,87]],"offset" : [0,0],"x_advance" : 48},
{"name" : "B","rect" : [[1199,0],[45,87]],"offset" : [0,0],"x_advance" : 45},
{"name" : "C","rect" : [[1244,0],[47,87]],"offset" : [0,0],"x_advance" : 47},
{"name" : "D","rect" : [[1291,0],[46,87]],"offset" : [0,0],"x_advance" : 46},
{"name" : "E","rect" : [[1337,0],[53,87]],"offset" : [0,0],"x_advance" : 53},
{"name" : "F","rect" : [[1390,0],[46,87]],"offset" : [0,0],"x_advance" : 46},
{"name" : "G","rect" : [[1436,0],[49,87]],"offset" : [0,0],"x_advance" : 49},
{"name" : "H","rect" : [[1485,0],[53,87]],"offset" : [0,0],"x_advance" : 53},
{"name" : "I","rect" : [[1538,0],[26,87]],"offset" : [0,0],"x_advance" : 26},
{"name" : "J","rect" : [[1564,0],[44,87]],"offset" : [0,0],"x_advance" : 44},
{"name" : "K","rect" : [[1608,0],[53,87]],"offset" : [0,0],"x_advance" : 53},
{"name" : "L","rect" : [[1661,0],[42,87]],"offset" : [0,0],"x_advance" : 42},
{"name" : "M","rect" : [[1703,0],[58,87]],"offset" : [0,0],"x_advance" : 58},
{"name" : "N","rect" : [[1761,0],[48,87]],"offset" : [0,0],"x_advance" : 48},
{"name" : "O","rect" : [[1809,0],[49,87]],"offset" : [0,0],"x_advance" : 49},
{"name" : "P","rect" : [[1858,0],[46,87]],"offset" : [0,0],"x_advance" : 46},
{"name" : "Q","rect" : [[1904,0],[55,87]],"offset" : [0,0],"x_advance" : 55},
{"name" : "R","rect" : [[1959,0],[46,87]],"offset" : [0,0],"x_advance" : 46},
{"name" : "S","rect" : [[2005,0],[36,87]],"offset" : [0,0],"x_advance" : 36},
{"name" : "T","rect" : [[2041,0],[49,87]],"offset" : [0,0],"x_advance" : 49},
{"name" : "U","rect" : [[2090,0],[48,87]],"offset" : [0,0],"x_advance" : 48},
{"name" : "V","rect" : [[2138,0],[45,87]],"offset" : [0,0],"x_advance" : 45},
{"name" : "W","rect" : [[2183,0],[63,87]],"offset" : [0,0],"x_advance" : 63},
{"name" : "X","rect" : [[2246,0],[54,87]],"offset" : [0,0],"x_advance" : 54},
{"name" : "Y","rect" : [[2300,0],[45,87]],"offset" : [0,0],"x_advance" : 45},
{"name" : "Z","rect" : [[2345,0],[43,87]],"offset" : [0,0],"x_advance" : 43},
{"name" : "[","rect" : [[2388,0],[21,87]],"offset" : [0,0],"x_advance" : 21},
{"name" : "\\","rect" : [[2409,0],[40,87]],"offset" : [0,0],"x_advance" : 40},
{"name" : "]","rect" : [[2449,0],[18,87]],"offset" : [0,0],"x_advance" : 18},
{"name" : "^","rect" : [[2467,0],[38,87]],"offset" : [0,0],"x_advance" : 38},
{"name" : "_","rect" : [[2505,0],[38,87]],"offset" : [0,0],"x_advance" : 38},
{"name" : "`","rect" : [[2543,0],[25,87]],"offset" : [0,0],"x_advance" : 25},
{"name" : "a","rect" : [[2568,0],[38,87]],"offset" : [0,0],"x_advance" : 38},
{"name" : "b","rect" : [[2606,0],[37,87]],"offset" : [0,0],"x_advance" : 37},
{"name" : "c","rect" : [[2643,0],[39,87]],"offset" : [0,0],"x_advance" : 39},
{"name" : "d","rect" : [[2682,0],[40,87]],"offset" : [0,0],"x_advance" : 40},
{"name" : "e","rect" : [[2722,0],[39,87]],"offset" : [0,0],"x_advance" : 39},
{"name" : "f","rect" : [[2761,0],[31,87]],"offset" : [0,0],"x_advance" : 31},
{"name" : "g","rect" : [[2792,0],[37,87]],"offset" : [0,0],"x_advance" : 37},
{"name" : "h","rect" : [[2829,0],[46,87]],"offset" : [0,0],"x_advance" : 46},
{"name" : "i","rect" : [[2875,0],[25,87]],"offset" : [0,0],"x_advance" : 25},
{"name" : "j","rect" : [[2900,0],[26,87]],"offset" : [0,0],"x_advance" : 26},
{"name" : "k","rect" : [[2926,0],[43,87]],"offset" : [0,0],"x_advance" : 43},
{"name" : "l","rect" : [[2969,0],[24,87]],"offset" : [0,0],"x_advance" : 24},
{"name" : "m","rect" : [[2993,0],[63,87]],"offset" : [0,0],"x_advance" : 63},
{"name" : "n","rect" : [[3056,0],[40,87]],"offset" : [0,0],"x_advance" : 40},
{"name" : "o","rect" : [[3096,0],[42,87]],"offset" : [0,0],"x_advance" : 42},
{"name" : "p","rect" : [[3138,0],[46,87]],"offset" : [0,0],"x_advance" : 46},
{"name" : "q","rect" : [[3184,0],[38,87]],"offset" : [0,0],"x_advance" : 38},
{"name" : "r","rect" : [[3222,0],[33,87]],"offset" : [0,0],"x_advance" : 33},
{"name" : "s","rect" : [[3255,0],[27,87]],"offset" : [0,0],"x_advance" : 27},
{"name" : "t","rect" : [[3282,0],[32,87]],"offset" : [0,0],"x_advance" : 32},
{"name" : "u","rect" : [[3314,0],[44,87]],"offset" : [0,0],"x_advance" : 44},
{"name" : "v","rect" : [[3358,0],[37,87]],"offset" : [0,0],"x_advance" : 37},
{"name" : "w","rect" : [[3395,0],[55,87]],"offset" : [0,0],"x_advance" : 55},
{"name" : "x","rect" : [[3450,0],[38,87]],"offset" : [0,0],"x_advance" : 38},
{"name" : "y","rect" : [[3488,0],[42,87]],"offset" : [0,0],"x_advance" : 42},
{"name" : "z","rect" : [[3530,0],[38,87]],"offset" : [0,0],"x_advance" : 38},
{"name" : "{","rect" : [[3568,0],[19,87]],"offset" : [0,0],"x_advance" : 19},
{"name" : "|","rect" : [[3587,0],[37,87]],"offset" : [0,0],"x_advance" : 37},
{"name" : "}","rect" : [[3624,0],[22,87]],"offset" : [0,0],"x_advance" : 22},
{"name" : "~","rect" : [[3646,0],[37,87]],"offset" : [0,0],"x_advance" : 37},
{"name" : " ","rect" : [[3683,0],[18,87]],"offset" : [0,0],"x_advance" : 18}
]
}
]
}
